﻿<?xml version="1.0" encoding="utf-8"?><DEFECTS><DEFECT>
    <SFA>
      <FILEPATH>C:\wxWidgets-3.1.4\include\wx\</FILEPATH>
      <FILENAME>buffer.h</FILENAME>
      <LINE>38</LINE>
      <COLUMN>4</COLUMN>
    </SFA>
    <DEFECTCODE>26812</DEFECTCODE>
    <DESCRIPTION>The enum type 'wxPrivate::UntypedBufferData::Kind' is unscoped. Prefer 'enum class' over 'enum' (Enum.3).</DESCRIPTION>
    <FUNCTION>wxPrivate::UntypedBufferData::{ctor}</FUNCTION>
    <DECORATED>??0UntypedBufferData@wxPrivate@@QAE@PAXIW4Kind@01@@Z</DECORATED>
    <FUNCLINE>38</FUNCLINE>
    <PATH></PATH>
  </DEFECT><DEFECT>
    <SFA>
      <FILEPATH>C:\wxWidgets-3.1.4\include\wx\</FILEPATH>
      <FILENAME>strconv.h</FILENAME>
      <LINE>291</LINE>
      <COLUMN>30</COLUMN>
    </SFA>
    <DEFECTCODE>26812</DEFECTCODE>
    <DESCRIPTION>The enum type 'wxMBConvUTF7::StateMode::Mode' is unscoped. Prefer 'enum class' over 'enum' (Enum.3).</DESCRIPTION>
    <FUNCTION>wxMBConvUTF7::DecoderState::{ctor}</FUNCTION>
    <DECORATED>??0DecoderState@wxMBConvUTF7@@QAE@XZ</DECORATED>
    <FUNCLINE>291</FUNCLINE>
    <PATH></PATH>
  </DEFECT><DEFECT>
    <SFA>
      <FILEPATH>C:\wxWidgets-3.1.4\include\wx\</FILEPATH>
      <FILENAME>unichar.h</FILENAME>
      <LINE>350</LINE>
      <COLUMN>5</COLUMN>
    </SFA>
    <DEFECTCODE>26439</DEFECTCODE>
    <DESCRIPTION>This kind of function may not throw. Declare it 'noexcept' (f.6).</DESCRIPTION>
    <FUNCTION>std::swap</FUNCTION>
    <DECORATED>??$swap@VwxUniCharRef@@$0A@@std@@YAXAAVwxUniCharRef@@0@Z</DECORATED>
    <FUNCLINE>350</FUNCLINE>
    <PATH></PATH>
  </DEFECT><DEFECT>
    <SFA>
      <FILEPATH>C:\wxWidgets-3.1.4\include\wx\</FILEPATH>
      <FILENAME>strvararg.h</FILENAME>
      <LINE>556</LINE>
      <COLUMN>0</COLUMN>
    </SFA>
    <DEFECTCODE>26812</DEFECTCODE>
    <DESCRIPTION>The enum type 'wxFormatString::ArgumentType' is unscoped. Prefer 'enum class' over 'enum' (Enum.3).</DESCRIPTION>
    <FUNCTION>wxArgNormalizerWchar&lt;wxString const &amp;&gt;::{ctor}</FUNCTION>
    <DECORATED>??0?$wxArgNormalizerWchar@ABVwxString@@@@QAE@ABVwxString@@PBVwxFormatString@@I@Z</DECORATED>
    <FUNCLINE>551</FUNCLINE>
    <PATH></PATH>
  </DEFECT><DEFECT>
    <SFA>
      <FILEPATH>C:\wxWidgets-3.1.4\include\wx\</FILEPATH>
      <FILENAME>string.h</FILENAME>
      <LINE>2369</LINE>
      <COLUMN>6</COLUMN>
    </SFA>
    <DEFECTCODE>26812</DEFECTCODE>
    <DESCRIPTION>The enum type 'wxString::caseCompare' is unscoped. Prefer 'enum class' over 'enum' (Enum.3).</DESCRIPTION>
    <FUNCTION>wxString::CompareTo</FUNCTION>
    <DECORATED>?CompareTo@wxString@@QBEHPB_WW4caseCompare@1@@Z</DECORATED>
    <FUNCLINE>2369</FUNCLINE>
    <PATH></PATH>
  </DEFECT><DEFECT>
    <SFA>
      <FILEPATH>C:\wxWidgets-3.1.4\include\wx\</FILEPATH>
      <FILENAME>arrstr.h</FILENAME>
      <LINE>494</LINE>
      <COLUMN>16</COLUMN>
    </SFA>
    <DEFECTCODE>26812</DEFECTCODE>
    <DESCRIPTION>The enum type 'wxArrayStringsAdapter::wxStringContainerType' is unscoped. Prefer 'enum class' over 'enum' (Enum.3).</DESCRIPTION>
    <FUNCTION>wxArrayStringsAdapter::{ctor}</FUNCTION>
    <DECORATED>??0wxArrayStringsAdapter@@QAE@ABVwxArrayString@@@Z</DECORATED>
    <FUNCLINE>493</FUNCLINE>
    <PATH></PATH>
  </DEFECT><DEFECT>
    <SFA>
      <FILEPATH>C:\wxWidgets-3.1.4\include\wx\</FILEPATH>
      <FILENAME>msgout.h</FILENAME>
      <LINE>122</LINE>
      <COLUMN>4</COLUMN>
    </SFA>
    <DEFECTCODE>26812</DEFECTCODE>
    <DESCRIPTION>The enum type 'wxMessageOutputFlags' is unscoped. Prefer 'enum class' over 'enum' (Enum.3).</DESCRIPTION>
    <FUNCTION>wxMessageOutputBest::{ctor}</FUNCTION>
    <DECORATED>??0wxMessageOutputBest@@QAE@W4wxMessageOutputFlags@@@Z</DECORATED>
    <FUNCLINE>122</FUNCLINE>
    <PATH></PATH>
  </DEFECT><DEFECT>
    <SFA>
      <FILEPATH>C:\wxWidgets-3.1.4\include\wx\</FILEPATH>
      <FILENAME>thread.h</FILENAME>
      <LINE>588</LINE>
      <COLUMN>17</COLUMN>
    </SFA>
    <DEFECTCODE>26812</DEFECTCODE>
    <DESCRIPTION>The enum type 'wxThreadKind' is unscoped. Prefer 'enum class' over 'enum' (Enum.3).</DESCRIPTION>
    <FUNCTION>wxThread::GetKind</FUNCTION>
    <DECORATED>?GetKind@wxThread@@QBE?AW4wxThreadKind@@XZ</DECORATED>
    <FUNCLINE>587</FUNCLINE>
    <PATH></PATH>
  </DEFECT><DEFECT>
    <SFA>
      <FILEPATH>C:\wxWidgets-3.1.4\include\wx\</FILEPATH>
      <FILENAME>thread.h</FILENAME>
      <LINE>724</LINE>
      <COLUMN>8</COLUMN>
    </SFA>
    <DEFECTCODE>26812</DEFECTCODE>
    <DESCRIPTION>The enum type 'wxThreadError' is unscoped. Prefer 'enum class' over 'enum' (Enum.3).</DESCRIPTION>
    <FUNCTION>wxThreadHelper::CreateThread</FUNCTION>
    <DECORATED>?CreateThread@wxThreadHelper@@QAE?AW4wxThreadError@@W4wxThreadKind@@I@Z</DECORATED>
    <FUNCLINE>716</FUNCLINE>
    <PATH></PATH>
  </DEFECT><DEFECT>
    <SFA>
      <FILEPATH>C:\wxWidgets-3.1.4\include\wx\</FILEPATH>
      <FILENAME>list.h</FILENAME>
      <LINE>335</LINE>
      <COLUMN>27</COLUMN>
    </SFA>
    <DEFECTCODE>26812</DEFECTCODE>
    <DESCRIPTION>The enum type 'wxKeyType' is unscoped. Prefer 'enum class' over 'enum' (Enum.3).</DESCRIPTION>
    <FUNCTION>wxListKey::{ctor}</FUNCTION>
    <DECORATED>??0wxListKey@@QAE@XZ</DECORATED>
    <FUNCLINE>335</FUNCLINE>
    <PATH></PATH>
  </DEFECT><DEFECT>
    <SFA>
      <FILEPATH>C:\wxWidgets-3.1.4\include\wx\</FILEPATH>
      <FILENAME>list.h</FILENAME>
      <LINE>1163</LINE>
      <COLUMN>0</COLUMN>
    </SFA>
    <DEFECTCODE>6011</DEFECTCODE>
    <DESCRIPTION>Dereferencing NULL pointer 'm_node'. </DESCRIPTION>
    <FUNCTION>wxObjectList::iterator::++</FUNCTION>
    <DECORATED>??Eiterator@wxObjectList@@QAEAAV01@XZ</DECORATED>
    <FUNCLINE>1163</FUNCLINE>
    <PROBABILITY>1</PROBABILITY>
    <RANK>4</RANK>
    <CATEGORY>
      <RULECATEGORY>mspft</RULECATEGORY>
    </CATEGORY>
    <PATH>
      <SFA>
        <FILEPATH>C:\wxWidgets-3.1.4\include\wx\</FILEPATH>
        <FILENAME>list.h</FILENAME>
        <LINE>1163</LINE>
        <COLUMN>0</COLUMN>
        <KEYEVENT>
          <ID>1</ID>
          <KIND>branch</KIND>
          <IMPORTANCE>Full</IMPORTANCE>
          <MESSAGE>'m_node' may be NULL (Skip this branch)</MESSAGE>
        </KEYEVENT>
      </SFA>
      <SFA>
        <FILEPATH>C:\wxWidgets-3.1.4\include\wx\</FILEPATH>
        <FILENAME>list.h</FILENAME>
        <LINE>1163</LINE>
        <COLUMN>0</COLUMN>
        <KEYEVENT>
          <ID>2</ID>
          <KIND>usage</KIND>
          <IMPORTANCE>Essential</IMPORTANCE>
          <MESSAGE>'m_node' is dereferenced, but may still be NULL</MESSAGE>
        </KEYEVENT>
      </SFA>
    </PATH>
  </DEFECT><DEFECT>
    <SFA>
      <FILEPATH>C:\wxWidgets-3.1.4\include\wx\</FILEPATH>
      <FILENAME>list.h</FILENAME>
      <LINE>1212</LINE>
      <COLUMN>0</COLUMN>
    </SFA>
    <DEFECTCODE>6011</DEFECTCODE>
    <DESCRIPTION>Dereferencing NULL pointer 'm_node'. </DESCRIPTION>
    <FUNCTION>wxStringListBase::iterator::++</FUNCTION>
    <DECORATED>??Eiterator@wxStringListBase@@QAEAAV01@XZ</DECORATED>
    <FUNCLINE>1212</FUNCLINE>
    <PROBABILITY>1</PROBABILITY>
    <RANK>4</RANK>
    <CATEGORY>
      <RULECATEGORY>mspft</RULECATEGORY>
    </CATEGORY>
    <PATH>
      <SFA>
        <FILEPATH>C:\wxWidgets-3.1.4\include\wx\</FILEPATH>
        <FILENAME>list.h</FILENAME>
        <LINE>1212</LINE>
        <COLUMN>0</COLUMN>
        <KEYEVENT>
          <ID>1</ID>
          <KIND>branch</KIND>
          <IMPORTANCE>Full</IMPORTANCE>
          <MESSAGE>'m_node' may be NULL (Skip this branch)</MESSAGE>
        </KEYEVENT>
      </SFA>
      <SFA>
        <FILEPATH>C:\wxWidgets-3.1.4\include\wx\</FILEPATH>
        <FILENAME>list.h</FILENAME>
        <LINE>1212</LINE>
        <COLUMN>0</COLUMN>
        <KEYEVENT>
          <ID>2</ID>
          <KIND>usage</KIND>
          <IMPORTANCE>Essential</IMPORTANCE>
          <MESSAGE>'m_node' is dereferenced, but may still be NULL</MESSAGE>
        </KEYEVENT>
      </SFA>
    </PATH>
  </DEFECT><DEFECT>
    <SFA>
      <FILEPATH>C:\wxWidgets-3.1.4\include\wx\</FILEPATH>
      <FILENAME>gdicmn.h</FILENAME>
      <LINE>713</LINE>
      <COLUMN>0</COLUMN>
    </SFA>
    <DEFECTCODE>6011</DEFECTCODE>
    <DESCRIPTION>Dereferencing NULL pointer 'm_node'. </DESCRIPTION>
    <FUNCTION>wxPointList::iterator::++</FUNCTION>
    <DECORATED>??Eiterator@wxPointList@@QAEAAV01@XZ</DECORATED>
    <FUNCLINE>713</FUNCLINE>
    <PROBABILITY>1</PROBABILITY>
    <RANK>4</RANK>
    <CATEGORY>
      <RULECATEGORY>mspft</RULECATEGORY>
    </CATEGORY>
    <PATH>
      <SFA>
        <FILEPATH>C:\wxWidgets-3.1.4\include\wx\</FILEPATH>
        <FILENAME>gdicmn.h</FILENAME>
        <LINE>713</LINE>
        <COLUMN>0</COLUMN>
        <KEYEVENT>
          <ID>1</ID>
          <KIND>branch</KIND>
          <IMPORTANCE>Full</IMPORTANCE>
          <MESSAGE>'m_node' may be NULL (Skip this branch)</MESSAGE>
        </KEYEVENT>
      </SFA>
      <SFA>
        <FILEPATH>C:\wxWidgets-3.1.4\include\wx\</FILEPATH>
        <FILENAME>gdicmn.h</FILENAME>
        <LINE>713</LINE>
        <COLUMN>0</COLUMN>
        <KEYEVENT>
          <ID>2</ID>
          <KIND>usage</KIND>
          <IMPORTANCE>Essential</IMPORTANCE>
          <MESSAGE>'m_node' is dereferenced, but may still be NULL</MESSAGE>
        </KEYEVENT>
      </SFA>
    </PATH>
  </DEFECT><DEFECT>
    <SFA>
      <FILEPATH>C:\wxWidgets-3.1.4\include\wx\msw\</FILEPATH>
      <FILENAME>gdiimage.h</FILENAME>
      <LINE>26</LINE>
      <COLUMN>0</COLUMN>
    </SFA>
    <DEFECTCODE>6011</DEFECTCODE>
    <DESCRIPTION>Dereferencing NULL pointer 'm_node'. </DESCRIPTION>
    <FUNCTION>wxGDIImageHandlerList::iterator::++</FUNCTION>
    <DECORATED>??Eiterator@wxGDIImageHandlerList@@QAEAAV01@XZ</DECORATED>
    <FUNCLINE>26</FUNCLINE>
    <PROBABILITY>1</PROBABILITY>
    <RANK>4</RANK>
    <CATEGORY>
      <RULECATEGORY>mspft</RULECATEGORY>
    </CATEGORY>
    <PATH>
      <SFA>
        <FILEPATH>C:\wxWidgets-3.1.4\include\wx\msw\</FILEPATH>
        <FILENAME>gdiimage.h</FILENAME>
        <LINE>26</LINE>
        <COLUMN>0</COLUMN>
        <KEYEVENT>
          <ID>1</ID>
          <KIND>branch</KIND>
          <IMPORTANCE>Full</IMPORTANCE>
          <MESSAGE>'m_node' may be NULL (Skip this branch)</MESSAGE>
        </KEYEVENT>
      </SFA>
      <SFA>
        <FILEPATH>C:\wxWidgets-3.1.4\include\wx\msw\</FILEPATH>
        <FILENAME>gdiimage.h</FILENAME>
        <LINE>26</LINE>
        <COLUMN>0</COLUMN>
        <KEYEVENT>
          <ID>2</ID>
          <KIND>usage</KIND>
          <IMPORTANCE>Essential</IMPORTANCE>
          <MESSAGE>'m_node' is dereferenced, but may still be NULL</MESSAGE>
        </KEYEVENT>
      </SFA>
    </PATH>
  </DEFECT><DEFECT>
    <SFA>
      <FILEPATH>C:\wxWidgets-3.1.4\include\wx\msw\</FILEPATH>
      <FILENAME>gdiimage.h</FILENAME>
      <LINE>161</LINE>
      <COLUMN>33</COLUMN>
    </SFA>
    <DEFECTCODE>26812</DEFECTCODE>
    <DESCRIPTION>The enum type 'wxBitmapType' is unscoped. Prefer 'enum class' over 'enum' (Enum.3).</DESCRIPTION>
    <FUNCTION>wxGDIImageHandler::{ctor}</FUNCTION>
    <DECORATED>??0wxGDIImageHandler@@QAE@XZ</DECORATED>
    <FUNCLINE>161</FUNCLINE>
    <PATH></PATH>
  </DEFECT><DEFECT>
    <SFA>
      <FILEPATH>C:\wxWidgets-3.1.4\include\wx\msw\</FILEPATH>
      <FILENAME>cursor.h</FILENAME>
      <LINE>26</LINE>
      <COLUMN>4</COLUMN>
    </SFA>
    <DEFECTCODE>26812</DEFECTCODE>
    <DESCRIPTION>The enum type 'wxStockCursor' is unscoped. Prefer 'enum class' over 'enum' (Enum.3).</DESCRIPTION>
    <FUNCTION>wxCursor::{ctor}</FUNCTION>
    <DECORATED>??0wxCursor@@QAE@W4wxStockCursor@@@Z</DECORATED>
    <FUNCLINE>26</FUNCLINE>
    <PATH></PATH>
  </DEFECT><DEFECT>
    <SFA>
      <FILEPATH>C:\wxWidgets-3.1.4\include\wx\</FILEPATH>
      <FILENAME>mousestate.h</FILENAME>
      <LINE>77</LINE>
      <COLUMN>9</COLUMN>
    </SFA>
    <DEFECTCODE>26812</DEFECTCODE>
    <DESCRIPTION>The enum type 'wxMouseButton' is unscoped. Prefer 'enum class' over 'enum' (Enum.3).</DESCRIPTION>
    <FUNCTION>wxMouseState::ButtonIsDown</FUNCTION>
    <DECORATED>?ButtonIsDown@wxMouseState@@QBE_NW4wxMouseButton@@@Z</DECORATED>
    <FUNCLINE>77</FUNCLINE>
    <PATH></PATH>
  </DEFECT><DEFECT>
    <SFA>
      <FILEPATH>C:\wxWidgets-3.1.4\include\wx\</FILEPATH>
      <FILENAME>platinfo.h</FILENAME>
      <LINE>218</LINE>
      <COLUMN>10</COLUMN>
    </SFA>
    <DEFECTCODE>26812</DEFECTCODE>
    <DESCRIPTION>The enum type 'wxOperatingSystemId' is unscoped. Prefer 'enum class' over 'enum' (Enum.3).</DESCRIPTION>
    <FUNCTION>wxPlatformInfo::GetOperatingSystemId</FUNCTION>
    <DECORATED>?GetOperatingSystemId@wxPlatformInfo@@QBE?AW4wxOperatingSystemId@@XZ</DECORATED>
    <FUNCLINE>217</FUNCLINE>
    <PATH></PATH>
  </DEFECT><DEFECT>
    <SFA>
      <FILEPATH>C:\wxWidgets-3.1.4\include\wx\</FILEPATH>
      <FILENAME>platinfo.h</FILENAME>
      <LINE>222</LINE>
      <COLUMN>10</COLUMN>
    </SFA>
    <DEFECTCODE>26812</DEFECTCODE>
    <DESCRIPTION>The enum type 'wxPortId' is unscoped. Prefer 'enum class' over 'enum' (Enum.3).</DESCRIPTION>
    <FUNCTION>wxPlatformInfo::GetPortId</FUNCTION>
    <DECORATED>?GetPortId@wxPlatformInfo@@QBE?AW4wxPortId@@XZ</DECORATED>
    <FUNCLINE>221</FUNCLINE>
    <PATH></PATH>
  </DEFECT><DEFECT>
    <SFA>
      <FILEPATH>C:\wxWidgets-3.1.4\include\wx\</FILEPATH>
      <FILENAME>platinfo.h</FILENAME>
      <LINE>224</LINE>
      <COLUMN>10</COLUMN>
    </SFA>
    <DEFECTCODE>26812</DEFECTCODE>
    <DESCRIPTION>The enum type 'wxArchitecture' is unscoped. Prefer 'enum class' over 'enum' (Enum.3).</DESCRIPTION>
    <FUNCTION>wxPlatformInfo::GetArchitecture</FUNCTION>
    <DECORATED>?GetArchitecture@wxPlatformInfo@@QBE?AW4wxArchitecture@@XZ</DECORATED>
    <FUNCLINE>223</FUNCLINE>
    <PATH></PATH>
  </DEFECT><DEFECT>
    <SFA>
      <FILEPATH>C:\wxWidgets-3.1.4\include\wx\</FILEPATH>
      <FILENAME>platinfo.h</FILENAME>
      <LINE>226</LINE>
      <COLUMN>10</COLUMN>
    </SFA>
    <DEFECTCODE>26812</DEFECTCODE>
    <DESCRIPTION>The enum type 'wxEndianness' is unscoped. Prefer 'enum class' over 'enum' (Enum.3).</DESCRIPTION>
    <FUNCTION>wxPlatformInfo::GetEndianness</FUNCTION>
    <DECORATED>?GetEndianness@wxPlatformInfo@@QBE?AW4wxEndianness@@XZ</DECORATED>
    <FUNCLINE>225</FUNCLINE>
    <PATH></PATH>
  </DEFECT><DEFECT>
    <SFA>
      <FILEPATH>C:\wxWidgets-3.1.4\include\wx\</FILEPATH>
      <FILENAME>datetime.h</FILENAME>
      <LINE>348</LINE>
      <COLUMN>12</COLUMN>
    </SFA>
    <DEFECTCODE>26812</DEFECTCODE>
    <DESCRIPTION>The enum type 'wxDateTime::WeekDay' is unscoped. Prefer 'enum class' over 'enum' (Enum.3).</DESCRIPTION>
    <FUNCTION>wxDateTime::Tm::GetWeekDay</FUNCTION>
    <DECORATED>?GetWeekDay@Tm@wxDateTime@@QAE?AW4WeekDay@2@XZ</DECORATED>
    <FUNCLINE>343</FUNCLINE>
    <PATH></PATH>
  </DEFECT><DEFECT>
    <SFA>
      <FILEPATH>C:\wxWidgets-3.1.4\include\wx\</FILEPATH>
      <FILENAME>datetime.h</FILENAME>
      <LINE>742</LINE>
      <COLUMN>14</COLUMN>
    </SFA>
    <DEFECTCODE>26812</DEFECTCODE>
    <DESCRIPTION>The enum type 'wxDateTime::Month' is unscoped. Prefer 'enum class' over 'enum' (Enum.3).</DESCRIPTION>
    <FUNCTION>wxDateTime::GetMonth</FUNCTION>
    <DECORATED>?GetMonth@wxDateTime@@QBE?AW4Month@1@ABVTimeZone@1@@Z</DECORATED>
    <FUNCLINE>741</FUNCLINE>
    <PATH></PATH>
  </DEFECT><DEFECT>
    <SFA>
      <FILEPATH>C:\wxWidgets-3.1.4\include\wx\</FILEPATH>
      <FILENAME>datetime.h</FILENAME>
      <LINE>1740</LINE>
      <COLUMN>12</COLUMN>
    </SFA>
    <DEFECTCODE>26812</DEFECTCODE>
    <DESCRIPTION>The enum type 'wxDateTime::WeekFlags' is unscoped. Prefer 'enum class' over 'enum' (Enum.3).</DESCRIPTION>
    <FUNCTION>wxDateTime::GetWeekDayInSameWeek</FUNCTION>
    <DECORATED>?GetWeekDayInSameWeek@wxDateTime@@QBE?AV1@W4WeekDay@1@W4WeekFlags@1@@Z</DECORATED>
    <FUNCLINE>1740</FUNCLINE>
    <PATH></PATH>
  </DEFECT><DEFECT>
    <SFA>
      <FILEPATH>C:\wxWidgets-3.1.4\include\wx\</FILEPATH>
      <FILENAME>variant.h</FILENAME>
      <LINE>101</LINE>
      <COLUMN>0</COLUMN>
    </SFA>
    <DEFECTCODE>6011</DEFECTCODE>
    <DESCRIPTION>Dereferencing NULL pointer 'm_node'. </DESCRIPTION>
    <FUNCTION>wxVariantList::iterator::++</FUNCTION>
    <DECORATED>??Eiterator@wxVariantList@@QAEAAV01@XZ</DECORATED>
    <FUNCLINE>101</FUNCLINE>
    <PROBABILITY>1</PROBABILITY>
    <RANK>4</RANK>
    <CATEGORY>
      <RULECATEGORY>mspft</RULECATEGORY>
    </CATEGORY>
    <PATH>
      <SFA>
        <FILEPATH>C:\wxWidgets-3.1.4\include\wx\</FILEPATH>
        <FILENAME>variant.h</FILENAME>
        <LINE>101</LINE>
        <COLUMN>0</COLUMN>
        <KEYEVENT>
          <ID>1</ID>
          <KIND>branch</KIND>
          <IMPORTANCE>Full</IMPORTANCE>
          <MESSAGE>'m_node' may be NULL (Skip this branch)</MESSAGE>
        </KEYEVENT>
      </SFA>
      <SFA>
        <FILEPATH>C:\wxWidgets-3.1.4\include\wx\</FILEPATH>
        <FILENAME>variant.h</FILENAME>
        <LINE>101</LINE>
        <COLUMN>0</COLUMN>
        <KEYEVENT>
          <ID>2</ID>
          <KIND>usage</KIND>
          <IMPORTANCE>Essential</IMPORTANCE>
          <MESSAGE>'m_node' is dereferenced, but may still be NULL</MESSAGE>
        </KEYEVENT>
      </SFA>
    </PATH>
  </DEFECT><DEFECT>
    <SFA>
      <FILEPATH>C:\wxWidgets-3.1.4\include\wx\</FILEPATH>
      <FILENAME>any.h</FILENAME>
      <LINE>1136</LINE>
      <COLUMN>0</COLUMN>
    </SFA>
    <DEFECTCODE>6011</DEFECTCODE>
    <DESCRIPTION>Dereferencing NULL pointer 'm_node'. </DESCRIPTION>
    <FUNCTION>wxAnyList::iterator::++</FUNCTION>
    <DECORATED>??Eiterator@wxAnyList@@QAEAAV01@XZ</DECORATED>
    <FUNCLINE>1136</FUNCLINE>
    <PROBABILITY>1</PROBABILITY>
    <RANK>4</RANK>
    <CATEGORY>
      <RULECATEGORY>mspft</RULECATEGORY>
    </CATEGORY>
    <PATH>
      <SFA>
        <FILEPATH>C:\wxWidgets-3.1.4\include\wx\</FILEPATH>
        <FILENAME>any.h</FILENAME>
        <LINE>1136</LINE>
        <COLUMN>0</COLUMN>
        <KEYEVENT>
          <ID>1</ID>
          <KIND>branch</KIND>
          <IMPORTANCE>Full</IMPORTANCE>
          <MESSAGE>'m_node' may be NULL (Skip this branch)</MESSAGE>
        </KEYEVENT>
      </SFA>
      <SFA>
        <FILEPATH>C:\wxWidgets-3.1.4\include\wx\</FILEPATH>
        <FILENAME>any.h</FILENAME>
        <LINE>1136</LINE>
        <COLUMN>0</COLUMN>
        <KEYEVENT>
          <ID>2</ID>
          <KIND>usage</KIND>
          <IMPORTANCE>Essential</IMPORTANCE>
          <MESSAGE>'m_node' is dereferenced, but may still be NULL</MESSAGE>
        </KEYEVENT>
      </SFA>
    </PATH>
  </DEFECT><DEFECT>
    <SFA>
      <FILEPATH>C:\wxWidgets-3.1.4\include\wx\</FILEPATH>
      <FILENAME>event.h</FILENAME>
      <LINE>998</LINE>
      <COLUMN>10</COLUMN>
    </SFA>
    <DEFECTCODE>26812</DEFECTCODE>
    <DESCRIPTION>The enum type 'wxEventCategory' is unscoped. Prefer 'enum class' over 'enum' (Enum.3).</DESCRIPTION>
    <FUNCTION>wxEvent::GetEventCategory</FUNCTION>
    <DECORATED>?GetEventCategory@wxEvent@@UBE?AW4wxEventCategory@@XZ</DECORATED>
    <FUNCLINE>997</FUNCLINE>
    <PATH></PATH>
  </DEFECT><DEFECT>
    <SFA>
      <FILEPATH>C:\wxWidgets-3.1.4\include\wx\</FILEPATH>
      <FILENAME>event.h</FILENAME>
      <LINE>1305</LINE>
      <COLUMN>16</COLUMN>
    </SFA>
    <DEFECTCODE>26812</DEFECTCODE>
    <DESCRIPTION>The enum type 'wxIdleMode' is unscoped. Prefer 'enum class' over 'enum' (Enum.3).</DESCRIPTION>
    <FUNCTION>wxIdleEvent::SetMode</FUNCTION>
    <DECORATED>?SetMode@wxIdleEvent@@SAXW4wxIdleMode@@@Z</DECORATED>
    <FUNCLINE>1305</FUNCLINE>
    <PATH></PATH>
  </DEFECT><DEFECT>
    <SFA>
      <FILEPATH>C:\wxWidgets-3.1.4\include\wx\</FILEPATH>
      <FILENAME>event.h</FILENAME>
      <LINE>1847</LINE>
      <COLUMN>44</COLUMN>
    </SFA>
    <DEFECTCODE>26812</DEFECTCODE>
    <DESCRIPTION>The enum type 'wxMouseWheelAxis' is unscoped. Prefer 'enum class' over 'enum' (Enum.3).</DESCRIPTION>
    <FUNCTION>wxMouseEvent::GetWheelAxis</FUNCTION>
    <DECORATED>?GetWheelAxis@wxMouseEvent@@QBE?AW4wxMouseWheelAxis@@XZ</DECORATED>
    <FUNCLINE>1847</FUNCLINE>
    <PATH></PATH>
  </DEFECT><DEFECT>
    <SFA>
      <FILEPATH>C:\wxWidgets-3.1.4\include\wx\</FILEPATH>
      <FILENAME>event.h</FILENAME>
      <LINE>2500</LINE>
      <COLUMN>4</COLUMN>
    </SFA>
    <DEFECTCODE>26812</DEFECTCODE>
    <DESCRIPTION>The enum type 'wxActivateEvent::Reason' is unscoped. Prefer 'enum class' over 'enum' (Enum.3).</DESCRIPTION>
    <FUNCTION>wxActivateEvent::{ctor}</FUNCTION>
    <DECORATED>??0wxActivateEvent@@QAE@H_NHW4Reason@0@@Z</DECORATED>
    <FUNCLINE>2500</FUNCLINE>
    <PATH></PATH>
  </DEFECT><DEFECT>
    <SFA>
      <FILEPATH>C:\wxWidgets-3.1.4\include\wx\</FILEPATH>
      <FILENAME>event.h</FILENAME>
      <LINE>2939</LINE>
      <COLUMN>16</COLUMN>
    </SFA>
    <DEFECTCODE>26812</DEFECTCODE>
    <DESCRIPTION>The enum type 'wxUpdateUIMode' is unscoped. Prefer 'enum class' over 'enum' (Enum.3).</DESCRIPTION>
    <FUNCTION>wxUpdateUIEvent::SetMode</FUNCTION>
    <DECORATED>?SetMode@wxUpdateUIEvent@@SAXW4wxUpdateUIMode@@@Z</DECORATED>
    <FUNCLINE>2939</FUNCLINE>
    <PATH></PATH>
  </DEFECT><DEFECT>
    <SFA>
      <FILEPATH>C:\wxWidgets-3.1.4\include\wx\</FILEPATH>
      <FILENAME>event.h</FILENAME>
      <LINE>3256</LINE>
      <COLUMN>4</COLUMN>
    </SFA>
    <DEFECTCODE>26812</DEFECTCODE>
    <DESCRIPTION>The enum type 'wxHelpEvent::Origin' is unscoped. Prefer 'enum class' over 'enum' (Enum.3).</DESCRIPTION>
    <FUNCTION>wxHelpEvent::{ctor}</FUNCTION>
    <DECORATED>??0wxHelpEvent@@QAE@HHABVwxPoint@@W4Origin@0@@Z</DECORATED>
    <FUNCLINE>3256</FUNCLINE>
    <PATH></PATH>
  </DEFECT><DEFECT>
    <SFA>
      <FILEPATH>C:\wxWidgets-3.1.4\include\wx\</FILEPATH>
      <FILENAME>font.h</FILENAME>
      <LINE>159</LINE>
      <COLUMN>16</COLUMN>
    </SFA>
    <DEFECTCODE>26812</DEFECTCODE>
    <DESCRIPTION>The enum type 'wxFontFamily' is unscoped. Prefer 'enum class' over 'enum' (Enum.3).</DESCRIPTION>
    <FUNCTION>wxFontInfo::Family</FUNCTION>
    <DECORATED>?Family@wxFontInfo@@QAEAAV1@W4wxFontFamily@@@Z</DECORATED>
    <FUNCLINE>159</FUNCLINE>
    <PATH></PATH>
  </DEFECT><DEFECT>
    <SFA>
      <FILEPATH>C:\wxWidgets-3.1.4\include\wx\</FILEPATH>
      <FILENAME>font.h</FILENAME>
      <LINE>167</LINE>
      <COLUMN>24</COLUMN>
    </SFA>
    <DEFECTCODE>26812</DEFECTCODE>
    <DESCRIPTION>The enum type 'wxFontWeight' is unscoped. Prefer 'enum class' over 'enum' (Enum.3).</DESCRIPTION>
    <FUNCTION>wxFontInfo::Bold</FUNCTION>
    <DECORATED>?Bold@wxFontInfo@@QAEAAV1@_N@Z</DECORATED>
    <FUNCLINE>166</FUNCLINE>
    <PATH></PATH>
  </DEFECT><DEFECT>
    <SFA>
      <FILEPATH>C:\wxWidgets-3.1.4\include\wx\</FILEPATH>
      <FILENAME>font.h</FILENAME>
      <LINE>175</LINE>
      <COLUMN>16</COLUMN>
    </SFA>
    <DEFECTCODE>26812</DEFECTCODE>
    <DESCRIPTION>The enum type 'wxFontStyle' is unscoped. Prefer 'enum class' over 'enum' (Enum.3).</DESCRIPTION>
    <FUNCTION>wxFontInfo::Style</FUNCTION>
    <DECORATED>?Style@wxFontInfo@@QAEAAV1@W4wxFontStyle@@@Z</DECORATED>
    <FUNCLINE>175</FUNCLINE>
    <PATH></PATH>
  </DEFECT><DEFECT>
    <SFA>
      <FILEPATH>C:\wxWidgets-3.1.4\include\wx\</FILEPATH>
      <FILENAME>font.h</FILENAME>
      <LINE>193</LINE>
      <COLUMN>16</COLUMN>
    </SFA>
    <DEFECTCODE>26812</DEFECTCODE>
    <DESCRIPTION>The enum type 'wxFontEncoding' is unscoped. Prefer 'enum class' over 'enum' (Enum.3).</DESCRIPTION>
    <FUNCTION>wxFontInfo::Encoding</FUNCTION>
    <DECORATED>?Encoding@wxFontInfo@@QAEAAV1@W4wxFontEncoding@@@Z</DECORATED>
    <FUNCLINE>193</FUNCLINE>
    <PATH></PATH>
  </DEFECT><DEFECT>
    <SFA>
      <FILEPATH>C:\wxWidgets-3.1.4\include\wx\</FILEPATH>
      <FILENAME>font.h</FILENAME>
      <LINE>449</LINE>
      <COLUMN>9</COLUMN>
    </SFA>
    <DEFECTCODE>26812</DEFECTCODE>
    <DESCRIPTION>The enum type 'wxFontSymbolicSize' is unscoped. Prefer 'enum class' over 'enum' (Enum.3).</DESCRIPTION>
    <FUNCTION>wxFontBase::SetSymbolicSizeRelativeTo</FUNCTION>
    <DECORATED>?SetSymbolicSizeRelativeTo@wxFontBase@@QAEXW4wxFontSymbolicSize@@H@Z</DECORATED>
    <FUNCLINE>449</FUNCLINE>
    <PATH></PATH>
  </DEFECT><DEFECT>
    <SFA>
      <FILEPATH>C:\wxWidgets-3.1.4\include\wx\</FILEPATH>
      <FILENAME>font.h</FILENAME>
      <LINE>497</LINE>
      <COLUMN>9</COLUMN>
    </SFA>
    <DEFECTCODE>26812</DEFECTCODE>
    <DESCRIPTION>The enum type 'wxDeprecatedGUIConstants' is unscoped. Prefer 'enum class' over 'enum' (Enum.3).</DESCRIPTION>
    <FUNCTION>wxFontBase::SetWeight</FUNCTION>
    <DECORATED>?SetWeight@wxFontBase@@QAEXW4wxDeprecatedGUIConstants@@@Z</DECORATED>
    <FUNCLINE>497</FUNCLINE>
    <PATH></PATH>
  </DEFECT><DEFECT>
    <SFA>
      <FILEPATH>C:\wxWidgets-3.1.4\include\wx\</FILEPATH>
      <FILENAME>region.h</FILENAME>
      <LINE>102</LINE>
      <COLUMN>10</COLUMN>
    </SFA>
    <DEFECTCODE>26812</DEFECTCODE>
    <DESCRIPTION>The enum type 'wxRegionContain' is unscoped. Prefer 'enum class' over 'enum' (Enum.3).</DESCRIPTION>
    <FUNCTION>wxRegionBase::Contains</FUNCTION>
    <DECORATED>?Contains@wxRegionBase@@QBE?AW4wxRegionContain@@HH@Z</DECORATED>
    <FUNCLINE>101</FUNCLINE>
    <PATH></PATH>
  </DEFECT><DEFECT>
    <SFA>
      <FILEPATH>C:\wxWidgets-3.1.4\include\wx\</FILEPATH>
      <FILENAME>region.h</FILENAME>
      <LINE>195</LINE>
      <COLUMN>9</COLUMN>
    </SFA>
    <DEFECTCODE>26812</DEFECTCODE>
    <DESCRIPTION>The enum type 'wxRegionOp' is unscoped. Prefer 'enum class' over 'enum' (Enum.3).</DESCRIPTION>
    <FUNCTION>wxRegionWithCombine::Combine</FUNCTION>
    <DECORATED>?Combine@wxRegionWithCombine@@QAE_NABVwxRegion@@W4wxRegionOp@@@Z</DECORATED>
    <FUNCLINE>195</FUNCLINE>
    <PATH></PATH>
  </DEFECT><DEFECT>
    <SFA>
      <FILEPATH>C:\wxWidgets-3.1.4\include\wx\</FILEPATH>
      <FILENAME>access.h</FILENAME>
      <LINE>245</LINE>
      <COLUMN>11</COLUMN>
    </SFA>
    <DEFECTCODE>26812</DEFECTCODE>
    <DESCRIPTION>The enum type 'wxAccStatus' is unscoped. Prefer 'enum class' over 'enum' (Enum.3).</DESCRIPTION>
    <FUNCTION>wxAccessibleBase::HitTest</FUNCTION>
    <DECORATED>?HitTest@wxAccessibleBase@@UAE?AW4wxAccStatus@@ABVwxPoint@@PAHPAPAVwxAccessible@@@Z</DECORATED>
    <FUNCLINE>244</FUNCLINE>
    <PATH></PATH>
  </DEFECT><DEFECT>
    <SFA>
      <FILEPATH>C:\wxWidgets-3.1.4\include\wx\</FILEPATH>
      <FILENAME>access.h</FILENAME>
      <LINE>253</LINE>
      <COLUMN>24</COLUMN>
    </SFA>
    <DEFECTCODE>26812</DEFECTCODE>
    <DESCRIPTION>The enum type 'wxNavDir' is unscoped. Prefer 'enum class' over 'enum' (Enum.3).</DESCRIPTION>
    <FUNCTION>wxAccessibleBase::Navigate</FUNCTION>
    <DECORATED>?Navigate@wxAccessibleBase@@UAE?AW4wxAccStatus@@W4wxNavDir@@HPAHPAPAVwxAccessible@@@Z</DECORATED>
    <FUNCLINE>253</FUNCLINE>
    <PATH></PATH>
  </DEFECT><DEFECT>
    <SFA>
      <FILEPATH>C:\wxWidgets-3.1.4\include\wx\</FILEPATH>
      <FILENAME>access.h</FILENAME>
      <LINE>306</LINE>
      <COLUMN>24</COLUMN>
    </SFA>
    <DEFECTCODE>26812</DEFECTCODE>
    <DESCRIPTION>The enum type 'wxAccRole' is unscoped. Prefer 'enum class' over 'enum' (Enum.3).</DESCRIPTION>
    <FUNCTION>wxAccessibleBase::GetRole</FUNCTION>
    <DECORATED>?GetRole@wxAccessibleBase@@UAE?AW4wxAccStatus@@HPAW4wxAccRole@@@Z</DECORATED>
    <FUNCLINE>306</FUNCLINE>
    <PATH></PATH>
  </DEFECT><DEFECT>
    <SFA>
      <FILEPATH>C:\wxWidgets-3.1.4\include\wx\</FILEPATH>
      <FILENAME>access.h</FILENAME>
      <LINE>319</LINE>
      <COLUMN>24</COLUMN>
    </SFA>
    <DEFECTCODE>26812</DEFECTCODE>
    <DESCRIPTION>The enum type 'wxAccSelectionFlags' is unscoped. Prefer 'enum class' over 'enum' (Enum.3).</DESCRIPTION>
    <FUNCTION>wxAccessibleBase::Select</FUNCTION>
    <DECORATED>?Select@wxAccessibleBase@@UAE?AW4wxAccStatus@@HW4wxAccSelectionFlags@@@Z</DECORATED>
    <FUNCLINE>319</FUNCLINE>
    <PATH></PATH>
  </DEFECT><DEFECT>
    <SFA>
      <FILEPATH>C:\wxWidgets-3.1.4\include\wx\</FILEPATH>
      <FILENAME>window.h</FILENAME>
      <LINE>146</LINE>
      <COLUMN>0</COLUMN>
    </SFA>
    <DEFECTCODE>6011</DEFECTCODE>
    <DESCRIPTION>Dereferencing NULL pointer 'm_node'. </DESCRIPTION>
    <FUNCTION>wxWindowList::iterator::++</FUNCTION>
    <DECORATED>??Eiterator@wxWindowList@@QAEAAV01@XZ</DECORATED>
    <FUNCLINE>146</FUNCLINE>
    <PROBABILITY>1</PROBABILITY>
    <RANK>4</RANK>
    <CATEGORY>
      <RULECATEGORY>mspft</RULECATEGORY>
    </CATEGORY>
    <PATH>
      <SFA>
        <FILEPATH>C:\wxWidgets-3.1.4\include\wx\</FILEPATH>
        <FILENAME>window.h</FILENAME>
        <LINE>146</LINE>
        <COLUMN>0</COLUMN>
        <KEYEVENT>
          <ID>1</ID>
          <KIND>branch</KIND>
          <IMPORTANCE>Full</IMPORTANCE>
          <MESSAGE>'m_node' may be NULL (Skip this branch)</MESSAGE>
        </KEYEVENT>
      </SFA>
      <SFA>
        <FILEPATH>C:\wxWidgets-3.1.4\include\wx\</FILEPATH>
        <FILENAME>window.h</FILENAME>
        <LINE>146</LINE>
        <COLUMN>0</COLUMN>
        <KEYEVENT>
          <ID>2</ID>
          <KIND>usage</KIND>
          <IMPORTANCE>Essential</IMPORTANCE>
          <MESSAGE>'m_node' is dereferenced, but may still be NULL</MESSAGE>
        </KEYEVENT>
      </SFA>
    </PATH>
  </DEFECT><DEFECT>
    <SFA>
      <FILEPATH>C:\wxWidgets-3.1.4\include\wx\</FILEPATH>
      <FILENAME>window.h</FILENAME>
      <LINE>216</LINE>
      <COLUMN>47</COLUMN>
    </SFA>
    <DEFECTCODE>26812</DEFECTCODE>
    <DESCRIPTION>The enum type 'wxWindowVariant' is unscoped. Prefer 'enum class' over 'enum' (Enum.3).</DESCRIPTION>
    <FUNCTION>wxWindowBase::GetWindowVariant</FUNCTION>
    <DECORATED>?GetWindowVariant@wxWindowBase@@QBE?AW4wxWindowVariant@@XZ</DECORATED>
    <FUNCLINE>216</FUNCLINE>
    <PATH></PATH>
  </DEFECT><DEFECT>
    <SFA>
      <FILEPATH>C:\wxWidgets-3.1.4\include\wx\</FILEPATH>
      <FILENAME>window.h</FILENAME>
      <LINE>222</LINE>
      <COLUMN>10</COLUMN>
    </SFA>
    <DEFECTCODE>26812</DEFECTCODE>
    <DESCRIPTION>The enum type 'wxLayoutDirection' is unscoped. Prefer 'enum class' over 'enum' (Enum.3).</DESCRIPTION>
    <FUNCTION>wxWindowBase::GetLayoutDirection</FUNCTION>
    <DECORATED>?GetLayoutDirection@wxWindowBase@@UBE?AW4wxLayoutDirection@@XZ</DECORATED>
    <FUNCLINE>221</FUNCLINE>
    <PATH></PATH>
  </DEFECT><DEFECT>
    <SFA>
      <FILEPATH>C:\wxWidgets-3.1.4\include\wx\</FILEPATH>
      <FILENAME>window.h</FILENAME>
      <LINE>627</LINE>
      <COLUMN>17</COLUMN>
    </SFA>
    <DEFECTCODE>26812</DEFECTCODE>
    <DESCRIPTION>The enum type 'wxShowEffect' is unscoped. Prefer 'enum class' over 'enum' (Enum.3).</DESCRIPTION>
    <FUNCTION>wxWindowBase::ShowWithEffect</FUNCTION>
    <DECORATED>?ShowWithEffect@wxWindowBase@@UAE_NW4wxShowEffect@@I@Z</DECORATED>
    <FUNCLINE>627</FUNCLINE>
    <PATH></PATH>
  </DEFECT><DEFECT>
    <SFA>
      <FILEPATH>C:\wxWidgets-3.1.4\include\wx\</FILEPATH>
      <FILENAME>window.h</FILENAME>
      <LINE>1176</LINE>
      <COLUMN>10</COLUMN>
    </SFA>
    <DEFECTCODE>26812</DEFECTCODE>
    <DESCRIPTION>The enum type 'wxBackgroundStyle' is unscoped. Prefer 'enum class' over 'enum' (Enum.3).</DESCRIPTION>
    <FUNCTION>wxWindowBase::GetBackgroundStyle</FUNCTION>
    <DECORATED>?GetBackgroundStyle@wxWindowBase@@QBE?AW4wxBackgroundStyle@@XZ</DECORATED>
    <FUNCLINE>1175</FUNCLINE>
    <PATH></PATH>
  </DEFECT><DEFECT>
    <SFA>
      <FILEPATH>C:\wxWidgets-3.1.4\include\wx\</FILEPATH>
      <FILENAME>window.h</FILENAME>
      <LINE>1262</LINE>
      <COLUMN>10</COLUMN>
    </SFA>
    <DEFECTCODE>26812</DEFECTCODE>
    <DESCRIPTION>The enum type 'wxHitTest' is unscoped. Prefer 'enum class' over 'enum' (Enum.3).</DESCRIPTION>
    <FUNCTION>wxWindowBase::HitTest</FUNCTION>
    <DECORATED>?HitTest@wxWindowBase@@QBE?AW4wxHitTest@@HH@Z</DECORATED>
    <FUNCLINE>1261</FUNCLINE>
    <PATH></PATH>
  </DEFECT><DEFECT>
    <SFA>
      <FILEPATH>C:\wxWidgets-3.1.4\include\wx\</FILEPATH>
      <FILENAME>window.h</FILENAME>
      <LINE>1276</LINE>
      <COLUMN>33</COLUMN>
    </SFA>
    <DEFECTCODE>26812</DEFECTCODE>
    <DESCRIPTION>The enum type 'wxBorder' is unscoped. Prefer 'enum class' over 'enum' (Enum.3).</DESCRIPTION>
    <FUNCTION>wxWindowBase::GetBorder</FUNCTION>
    <DECORATED>?GetBorder@wxWindowBase@@QBE?AW4wxBorder@@XZ</DECORATED>
    <FUNCLINE>1276</FUNCLINE>
    <PATH></PATH>
  </DEFECT><DEFECT>
    <SFA>
      <FILEPATH>C:\wxWidgets-3.1.4\include\wx\</FILEPATH>
      <FILENAME>window.h</FILENAME>
      <LINE>1598</LINE>
      <COLUMN>17</COLUMN>
    </SFA>
    <DEFECTCODE>26812</DEFECTCODE>
    <DESCRIPTION>The enum type 'wxWindowBase::NavigationKind' is unscoped. Prefer 'enum class' over 'enum' (Enum.3).</DESCRIPTION>
    <FUNCTION>wxWindowBase::IsTopNavigationDomain</FUNCTION>
    <DECORATED>?IsTopNavigationDomain@wxWindowBase@@UBE_NW4NavigationKind@1@@Z</DECORATED>
    <FUNCLINE>1598</FUNCLINE>
    <PATH></PATH>
  </DEFECT><DEFECT>
    <SFA>
      <FILEPATH>C:\wxWidgets-3.1.4\include\wx\</FILEPATH>
      <FILENAME>app.h</FILENAME>
      <LINE>631</LINE>
      <COLUMN>32</COLUMN>
    </SFA>
    <DEFECTCODE>26812</DEFECTCODE>
    <DESCRIPTION>The enum type 'wxAppBase::&lt;unnamed-type-m_exitOnFrameDelete&gt;' is unscoped. Prefer 'enum class' over 'enum' (Enum.3).</DESCRIPTION>
    <FUNCTION>wxAppBase::SetExitOnFrameDelete</FUNCTION>
    <DECORATED>?SetExitOnFrameDelete@wxAppBase@@QAEX_N@Z</DECORATED>
    <FUNCLINE>630</FUNCLINE>
    <PATH></PATH>
  </DEFECT><DEFECT>
    <SFA>
      <FILEPATH>C:\wxWidgets-3.1.4\include\wx\</FILEPATH>
      <FILENAME>stream.h</FILENAME>
      <LINE>61</LINE>
      <COLUMN>41</COLUMN>
    </SFA>
    <DEFECTCODE>26812</DEFECTCODE>
    <DESCRIPTION>The enum type 'wxStreamError' is unscoped. Prefer 'enum class' over 'enum' (Enum.3).</DESCRIPTION>
    <FUNCTION>wxStreamBase::GetLastError</FUNCTION>
    <DECORATED>?GetLastError@wxStreamBase@@QBE?AW4wxStreamError@@XZ</DECORATED>
    <FUNCLINE>61</FUNCLINE>
    <PATH></PATH>
  </DEFECT><DEFECT>
    <SFA>
      <FILEPATH>C:\wxWidgets-3.1.4\include\wx\</FILEPATH>
      <FILENAME>stream.h</FILENAME>
      <LINE>435</LINE>
      <COLUMN>4</COLUMN>
    </SFA>
    <DEFECTCODE>26812</DEFECTCODE>
    <DESCRIPTION>The enum type 'wxStreamBuffer::BufMode' is unscoped. Prefer 'enum class' over 'enum' (Enum.3).</DESCRIPTION>
    <FUNCTION>wxStreamBuffer::{ctor}</FUNCTION>
    <DECORATED>??0wxStreamBuffer@@QAE@AAVwxStreamBase@@W4BufMode@0@@Z</DECORATED>
    <FUNCLINE>435</FUNCLINE>
    <PATH></PATH>
  </DEFECT><DEFECT>
    <SFA>
      <FILEPATH>C:\wxWidgets-3.1.4\include\wx\</FILEPATH>
      <FILENAME>module.h</FILENAME>
      <LINE>21</LINE>
      <COLUMN>0</COLUMN>
    </SFA>
    <DEFECTCODE>6011</DEFECTCODE>
    <DESCRIPTION>Dereferencing NULL pointer 'm_node'. </DESCRIPTION>
    <FUNCTION>wxModuleList::iterator::++</FUNCTION>
    <DECORATED>??Eiterator@wxModuleList@@QAEAAV01@XZ</DECORATED>
    <FUNCLINE>21</FUNCLINE>
    <PROBABILITY>1</PROBABILITY>
    <RANK>4</RANK>
    <CATEGORY>
      <RULECATEGORY>mspft</RULECATEGORY>
    </CATEGORY>
    <PATH>
      <SFA>
        <FILEPATH>C:\wxWidgets-3.1.4\include\wx\</FILEPATH>
        <FILENAME>module.h</FILENAME>
        <LINE>21</LINE>
        <COLUMN>0</COLUMN>
        <KEYEVENT>
          <ID>1</ID>
          <KIND>branch</KIND>
          <IMPORTANCE>Full</IMPORTANCE>
          <MESSAGE>'m_node' may be NULL (Skip this branch)</MESSAGE>
        </KEYEVENT>
      </SFA>
      <SFA>
        <FILEPATH>C:\wxWidgets-3.1.4\include\wx\</FILEPATH>
        <FILENAME>module.h</FILENAME>
        <LINE>21</LINE>
        <COLUMN>0</COLUMN>
        <KEYEVENT>
          <ID>2</ID>
          <KIND>usage</KIND>
          <IMPORTANCE>Essential</IMPORTANCE>
          <MESSAGE>'m_node' is dereferenced, but may still be NULL</MESSAGE>
        </KEYEVENT>
      </SFA>
    </PATH>
  </DEFECT><DEFECT>
    <SFA>
      <FILEPATH>C:\wxWidgets-3.1.4\include\wx\</FILEPATH>
      <FILENAME>module.h</FILENAME>
      <LINE>34</LINE>
      <COLUMN>4</COLUMN>
    </SFA>
    <DEFECTCODE>26495</DEFECTCODE>
    <DESCRIPTION>Variable 'wxModule::m_state' is uninitialized. Always initialize a member variable (type.6).</DESCRIPTION>
    <FUNCTION>wxModule::{ctor}</FUNCTION>
    <DECORATED>??0wxModule@@QAE@XZ</DECORATED>
    <FUNCLINE>34</FUNCLINE>
    <ADDITIONALINFO>
      <targetSymbol>wxModule::m_state</targetSymbol>
    </ADDITIONALINFO>
    <PATH></PATH>
  </DEFECT><DEFECT>
    <SFA>
      <FILEPATH>C:\wxWidgets-3.1.4\include\wx\</FILEPATH>
      <FILENAME>image.h</FILENAME>
      <LINE>339</LINE>
      <COLUMN>13</COLUMN>
    </SFA>
    <DEFECTCODE>26812</DEFECTCODE>
    <DESCRIPTION>The enum type 'wxImageResizeQuality' is unscoped. Prefer 'enum class' over 'enum' (Enum.3).</DESCRIPTION>
    <FUNCTION>wxImage::Rescale</FUNCTION>
    <DECORATED>?Rescale@wxImage@@QAEAAV1@HHW4wxImageResizeQuality@@@Z</DECORATED>
    <FUNCLINE>339</FUNCLINE>
    <PATH></PATH>
  </DEFECT><DEFECT>
    <SFA>
      <FILEPATH>C:\wxWidgets-3.1.4\include\wx\msw\</FILEPATH>
      <FILENAME>bitmap.h</FILENAME>
      <LINE>94</LINE>
      <COLUMN>4</COLUMN>
    </SFA>
    <DEFECTCODE>26812</DEFECTCODE>
    <DESCRIPTION>The enum type 'wxBitmapTransparency' is unscoped. Prefer 'enum class' over 'enum' (Enum.3).</DESCRIPTION>
    <FUNCTION>wxBitmap::{ctor}</FUNCTION>
    <DECORATED>??0wxBitmap@@QAE@ABVwxIcon@@W4wxBitmapTransparency@@@Z</DECORATED>
    <FUNCLINE>94</FUNCLINE>
    <PATH></PATH>
  </DEFECT><DEFECT>
    <SFA>
      <FILEPATH>C:\wxWidgets-3.1.4\include\wx\</FILEPATH>
      <FILENAME>brush.h</FILENAME>
      <LINE>114</LINE>
      <COLUMN>12</COLUMN>
    </SFA>
    <DEFECTCODE>26812</DEFECTCODE>
    <DESCRIPTION>The enum type 'wxBrushStyle' is unscoped. Prefer 'enum class' over 'enum' (Enum.3).</DESCRIPTION>
    <FUNCTION>==</FUNCTION>
    <DECORATED>??8@YA_NW4wxBrushStyle@@W4wxDeprecatedGUIConstants@@@Z</DECORATED>
    <FUNCLINE>114</FUNCLINE>
    <PATH></PATH>
  </DEFECT><DEFECT>
    <SFA>
      <FILEPATH>C:\wxWidgets-3.1.4\include\wx\</FILEPATH>
      <FILENAME>pen.h</FILENAME>
      <LINE>24</LINE>
      <COLUMN>4</COLUMN>
    </SFA>
    <DEFECTCODE>26812</DEFECTCODE>
    <DESCRIPTION>The enum type 'wxPenStyle' is unscoped. Prefer 'enum class' over 'enum' (Enum.3).</DESCRIPTION>
    <FUNCTION>wxPenInfo::{ctor}</FUNCTION>
    <DECORATED>??0wxPenInfo@@QAE@ABVwxColour@@HW4wxPenStyle@@@Z</DECORATED>
    <FUNCLINE>24</FUNCLINE>
    <PATH></PATH>
  </DEFECT><DEFECT>
    <SFA>
      <FILEPATH>C:\wxWidgets-3.1.4\include\wx\</FILEPATH>
      <FILENAME>geometry.h</FILENAME>
      <LINE>585</LINE>
      <COLUMN>10</COLUMN>
    </SFA>
    <DEFECTCODE>26812</DEFECTCODE>
    <DESCRIPTION>The enum type 'wxOutCode' is unscoped. Prefer 'enum class' over 'enum' (Enum.3).</DESCRIPTION>
    <FUNCTION>wxRect2DDouble::GetOutCode</FUNCTION>
    <DECORATED>?GetOutCode@wxRect2DDouble@@QBE?AW4wxOutCode@@ABVwxPoint2DDouble@@@Z</DECORATED>
    <FUNCLINE>584</FUNCLINE>
    <PATH></PATH>
  </DEFECT><DEFECT>
    <SFA>
      <FILEPATH>C:\wxWidgets-3.1.4\include\wx\</FILEPATH>
      <FILENAME>dc.h</FILENAME>
      <LINE>405</LINE>
      <COLUMN>40</COLUMN>
    </SFA>
    <DEFECTCODE>26812</DEFECTCODE>
    <DESCRIPTION>The enum type 'wxRasterOperationMode' is unscoped. Prefer 'enum class' over 'enum' (Enum.3).</DESCRIPTION>
    <FUNCTION>wxDCImpl::GetLogicalFunction</FUNCTION>
    <DECORATED>?GetLogicalFunction@wxDCImpl@@UBE?AW4wxRasterOperationMode@@XZ</DECORATED>
    <FUNCLINE>404</FUNCLINE>
    <PATH></PATH>
  </DEFECT><DEFECT>
    <SFA>
      <FILEPATH>C:\wxWidgets-3.1.4\include\wx\</FILEPATH>
      <FILENAME>dc.h</FILENAME>
      <LINE>483</LINE>
      <COLUMN>47</COLUMN>
    </SFA>
    <DEFECTCODE>26812</DEFECTCODE>
    <DESCRIPTION>The enum type 'wxMappingMode' is unscoped. Prefer 'enum class' over 'enum' (Enum.3).</DESCRIPTION>
    <FUNCTION>wxDCImpl::GetMapMode</FUNCTION>
    <DECORATED>?GetMapMode@wxDCImpl@@UBE?AW4wxMappingMode@@XZ</DECORATED>
    <FUNCLINE>483</FUNCLINE>
    <PATH></PATH>
  </DEFECT><DEFECT>
    <SFA>
      <FILEPATH>C:\wxWidgets-3.1.4\include\wx\</FILEPATH>
      <FILENAME>dc.h</FILENAME>
      <LINE>1074</LINE>
      <COLUMN>9</COLUMN>
    </SFA>
    <DEFECTCODE>26812</DEFECTCODE>
    <DESCRIPTION>The enum type 'wxFloodFillStyle' is unscoped. Prefer 'enum class' over 'enum' (Enum.3).</DESCRIPTION>
    <FUNCTION>wxDC::FloodFill</FUNCTION>
    <DECORATED>?FloodFill@wxDC@@QAE_NHHABVwxColour@@W4wxFloodFillStyle@@@Z</DECORATED>
    <FUNCLINE>1074</FUNCLINE>
    <PATH></PATH>
  </DEFECT><DEFECT>
    <SFA>
      <FILEPATH>C:\wxWidgets-3.1.4\include\wx\</FILEPATH>
      <FILENAME>dc.h</FILENAME>
      <LINE>1097</LINE>
      <COLUMN>9</COLUMN>
    </SFA>
    <DEFECTCODE>26812</DEFECTCODE>
    <DESCRIPTION>The enum type 'wxDirection' is unscoped. Prefer 'enum class' over 'enum' (Enum.3).</DESCRIPTION>
    <FUNCTION>wxDC::GradientFillLinear</FUNCTION>
    <DECORATED>?GradientFillLinear@wxDC@@QAEXABVwxRect@@ABVwxColour@@1W4wxDirection@@@Z</DECORATED>
    <FUNCLINE>1097</FUNCLINE>
    <PATH></PATH>
  </DEFECT><DEFECT>
    <SFA>
      <FILEPATH>C:\wxWidgets-3.1.4\include\wx\</FILEPATH>
      <FILENAME>dc.h</FILENAME>
      <LINE>1153</LINE>
      <COLUMN>9</COLUMN>
    </SFA>
    <DEFECTCODE>26812</DEFECTCODE>
    <DESCRIPTION>The enum type 'wxPolygonFillMode' is unscoped. Prefer 'enum class' over 'enum' (Enum.3).</DESCRIPTION>
    <FUNCTION>wxDC::DrawPolygon</FUNCTION>
    <DECORATED>?DrawPolygon@wxDC@@QAEXHQBVwxPoint@@HHW4wxPolygonFillMode@@@Z</DECORATED>
    <FUNCLINE>1153</FUNCLINE>
    <PATH></PATH>
  </DEFECT><DEFECT>
    <SFA>
      <FILEPATH>C:\wxWidgets-3.1.4\include\wx\</FILEPATH>
      <FILENAME>anybutton.h</FILENAME>
      <LINE>142</LINE>
      <COLUMN>8</COLUMN>
    </SFA>
    <DEFECTCODE>26812</DEFECTCODE>
    <DESCRIPTION>The enum type 'wxAnyButtonBase::State' is unscoped. Prefer 'enum class' over 'enum' (Enum.3).</DESCRIPTION>
    <FUNCTION>wxAnyButtonBase::GetNormalState</FUNCTION>
    <DECORATED>?GetNormalState@wxAnyButtonBase@@UBE?AW4State@1@XZ</DECORATED>
    <FUNCLINE>140</FUNCLINE>
    <PATH></PATH>
  </DEFECT><DEFECT>
    <SFA>
      <FILEPATH>C:\wxWidgets-3.1.4\include\wx\</FILEPATH>
      <FILENAME>menuitem.h</FILENAME>
      <LINE>84</LINE>
      <COLUMN>33</COLUMN>
    </SFA>
    <DEFECTCODE>26812</DEFECTCODE>
    <DESCRIPTION>The enum type 'wxItemKind' is unscoped. Prefer 'enum class' over 'enum' (Enum.3).</DESCRIPTION>
    <FUNCTION>wxMenuItemBase::GetKind</FUNCTION>
    <DECORATED>?GetKind@wxMenuItemBase@@QBE?AW4wxItemKind@@XZ</DECORATED>
    <FUNCLINE>84</FUNCLINE>
    <PATH></PATH>
  </DEFECT><DEFECT>
    <SFA>
      <FILEPATH>C:\wxWidgets-3.1.4\include\wx\</FILEPATH>
      <FILENAME>menu.h</FILENAME>
      <LINE>36</LINE>
      <COLUMN>0</COLUMN>
    </SFA>
    <DEFECTCODE>6011</DEFECTCODE>
    <DESCRIPTION>Dereferencing NULL pointer 'm_node'. </DESCRIPTION>
    <FUNCTION>wxMenuList::iterator::++</FUNCTION>
    <DECORATED>??Eiterator@wxMenuList@@QAEAAV01@XZ</DECORATED>
    <FUNCLINE>36</FUNCLINE>
    <PROBABILITY>1</PROBABILITY>
    <RANK>4</RANK>
    <CATEGORY>
      <RULECATEGORY>mspft</RULECATEGORY>
    </CATEGORY>
    <PATH>
      <SFA>
        <FILEPATH>C:\wxWidgets-3.1.4\include\wx\</FILEPATH>
        <FILENAME>menu.h</FILENAME>
        <LINE>36</LINE>
        <COLUMN>0</COLUMN>
        <KEYEVENT>
          <ID>1</ID>
          <KIND>branch</KIND>
          <IMPORTANCE>Full</IMPORTANCE>
          <MESSAGE>'m_node' may be NULL (Skip this branch)</MESSAGE>
        </KEYEVENT>
      </SFA>
      <SFA>
        <FILEPATH>C:\wxWidgets-3.1.4\include\wx\</FILEPATH>
        <FILENAME>menu.h</FILENAME>
        <LINE>36</LINE>
        <COLUMN>0</COLUMN>
        <KEYEVENT>
          <ID>2</ID>
          <KIND>usage</KIND>
          <IMPORTANCE>Essential</IMPORTANCE>
          <MESSAGE>'m_node' is dereferenced, but may still be NULL</MESSAGE>
        </KEYEVENT>
      </SFA>
    </PATH>
  </DEFECT><DEFECT>
    <SFA>
      <FILEPATH>C:\wxWidgets-3.1.4\include\wx\</FILEPATH>
      <FILENAME>menu.h</FILENAME>
      <LINE>37</LINE>
      <COLUMN>0</COLUMN>
    </SFA>
    <DEFECTCODE>6011</DEFECTCODE>
    <DESCRIPTION>Dereferencing NULL pointer 'm_node'. </DESCRIPTION>
    <FUNCTION>wxMenuItemList::iterator::++</FUNCTION>
    <DECORATED>??Eiterator@wxMenuItemList@@QAEAAV01@XZ</DECORATED>
    <FUNCLINE>37</FUNCLINE>
    <PROBABILITY>1</PROBABILITY>
    <RANK>4</RANK>
    <CATEGORY>
      <RULECATEGORY>mspft</RULECATEGORY>
    </CATEGORY>
    <PATH>
      <SFA>
        <FILEPATH>C:\wxWidgets-3.1.4\include\wx\</FILEPATH>
        <FILENAME>menu.h</FILENAME>
        <LINE>37</LINE>
        <COLUMN>0</COLUMN>
        <KEYEVENT>
          <ID>1</ID>
          <KIND>branch</KIND>
          <IMPORTANCE>Full</IMPORTANCE>
          <MESSAGE>'m_node' may be NULL (Skip this branch)</MESSAGE>
        </KEYEVENT>
      </SFA>
      <SFA>
        <FILEPATH>C:\wxWidgets-3.1.4\include\wx\</FILEPATH>
        <FILENAME>menu.h</FILENAME>
        <LINE>37</LINE>
        <COLUMN>0</COLUMN>
        <KEYEVENT>
          <ID>2</ID>
          <KIND>usage</KIND>
          <IMPORTANCE>Essential</IMPORTANCE>
          <MESSAGE>'m_node' is dereferenced, but may still be NULL</MESSAGE>
        </KEYEVENT>
      </SFA>
    </PATH>
  </DEFECT><DEFECT>
    <SFA>
      <FILEPATH>C:\wxWidgets-3.1.4\include\wx\</FILEPATH>
      <FILENAME>dialog.h</FILENAME>
      <LINE>178</LINE>
      <COLUMN>9</COLUMN>
    </SFA>
    <DEFECTCODE>26812</DEFECTCODE>
    <DESCRIPTION>The enum type 'wxDialogLayoutAdaptationMode' is unscoped. Prefer 'enum class' over 'enum' (Enum.3).</DESCRIPTION>
    <FUNCTION>wxDialogBase::SetLayoutAdaptationMode</FUNCTION>
    <DECORATED>?SetLayoutAdaptationMode@wxDialogBase@@QAEXW4wxDialogLayoutAdaptationMode@@@Z</DECORATED>
    <FUNCLINE>178</FUNCLINE>
    <PATH></PATH>
  </DEFECT><DEFECT>
    <SFA>
      <FILEPATH>C:\wxWidgets-3.1.4\include\wx\</FILEPATH>
      <FILENAME>dataobj.h</FILENAME>
      <LINE>224</LINE>
      <COLUMN>25</COLUMN>
    </SFA>
    <DEFECTCODE>26812</DEFECTCODE>
    <DESCRIPTION>The enum type 'wxDataObjectBase::Direction' is unscoped. Prefer 'enum class' over 'enum' (Enum.3).</DESCRIPTION>
    <FUNCTION>wxDataObjectSimple::GetPreferredFormat</FUNCTION>
    <DECORATED>?GetPreferredFormat@wxDataObjectSimple@@UBE?AVwxDataFormat@@W4Direction@wxDataObjectBase@@@Z</DECORATED>
    <FUNCLINE>224</FUNCLINE>
    <PATH></PATH>
  </DEFECT><DEFECT>
    <SFA>
      <FILEPATH>C:\wxWidgets-3.1.4\include\wx\</FILEPATH>
      <FILENAME>dataobj.h</FILENAME>
      <LINE>257</LINE>
      <COLUMN>0</COLUMN>
    </SFA>
    <DEFECTCODE>6011</DEFECTCODE>
    <DESCRIPTION>Dereferencing NULL pointer 'm_node'. </DESCRIPTION>
    <FUNCTION>wxSimpleDataObjectList::iterator::++</FUNCTION>
    <DECORATED>??Eiterator@wxSimpleDataObjectList@@QAEAAV01@XZ</DECORATED>
    <FUNCLINE>257</FUNCLINE>
    <PROBABILITY>1</PROBABILITY>
    <RANK>4</RANK>
    <CATEGORY>
      <RULECATEGORY>mspft</RULECATEGORY>
    </CATEGORY>
    <PATH>
      <SFA>
        <FILEPATH>C:\wxWidgets-3.1.4\include\wx\</FILEPATH>
        <FILENAME>dataobj.h</FILENAME>
        <LINE>257</LINE>
        <COLUMN>0</COLUMN>
        <KEYEVENT>
          <ID>1</ID>
          <KIND>branch</KIND>
          <IMPORTANCE>Full</IMPORTANCE>
          <MESSAGE>'m_node' may be NULL (Skip this branch)</MESSAGE>
        </KEYEVENT>
      </SFA>
      <SFA>
        <FILEPATH>C:\wxWidgets-3.1.4\include\wx\</FILEPATH>
        <FILENAME>dataobj.h</FILENAME>
        <LINE>257</LINE>
        <COLUMN>0</COLUMN>
        <KEYEVENT>
          <ID>2</ID>
          <KIND>usage</KIND>
          <IMPORTANCE>Essential</IMPORTANCE>
          <MESSAGE>'m_node' is dereferenced, but may still be NULL</MESSAGE>
        </KEYEVENT>
      </SFA>
    </PATH>
  </DEFECT><DEFECT>
    <SFA>
      <FILEPATH>C:\wxWidgets-3.1.4\include\wx\</FILEPATH>
      <FILENAME>ctrlsub.h</FILENAME>
      <LINE>110</LINE>
      <COLUMN>8</COLUMN>
    </SFA>
    <DEFECTCODE>26812</DEFECTCODE>
    <DESCRIPTION>The enum type 'wxClientDataType' is unscoped. Prefer 'enum class' over 'enum' (Enum.3).</DESCRIPTION>
    <FUNCTION>wxItemContainer::AppendItems</FUNCTION>
    <DECORATED>?AppendItems@wxItemContainer@@AAEHABVwxArrayStringsAdapter@@PAPAXW4wxClientDataType@@@Z</DECORATED>
    <FUNCLINE>110</FUNCLINE>
    <PATH></PATH>
  </DEFECT><DEFECT>
    <SFA>
      <FILEPATH>C:\wxWidgets-3.1.4\include\wx\</FILEPATH>
      <FILENAME>checkbox.h</FILENAME>
      <LINE>68</LINE>
      <COLUMN>24</COLUMN>
    </SFA>
    <DEFECTCODE>26812</DEFECTCODE>
    <DESCRIPTION>The enum type 'wxCheckBoxState' is unscoped. Prefer 'enum class' over 'enum' (Enum.3).</DESCRIPTION>
    <FUNCTION>wxCheckBoxBase::Get3StateValue</FUNCTION>
    <DECORATED>?Get3StateValue@wxCheckBoxBase@@QBE?AW4wxCheckBoxState@@XZ</DECORATED>
    <FUNCLINE>66</FUNCLINE>
    <PATH></PATH>
  </DEFECT><DEFECT>
    <SFA>
      <FILEPATH>C:\wxWidgets-3.1.4\include\wx\</FILEPATH>
      <FILENAME>statbmp.h</FILENAME>
      <LINE>49</LINE>
      <COLUMN>17</COLUMN>
    </SFA>
    <DEFECTCODE>26812</DEFECTCODE>
    <DESCRIPTION>The enum type 'wxStaticBitmapBase::ScaleMode' is unscoped. Prefer 'enum class' over 'enum' (Enum.3).</DESCRIPTION>
    <FUNCTION>wxStaticBitmapBase::SetScaleMode</FUNCTION>
    <DECORATED>?SetScaleMode@wxStaticBitmapBase@@UAEXW4ScaleMode@1@@Z</DECORATED>
    <FUNCLINE>49</FUNCLINE>
    <PATH></PATH>
  </DEFECT><DEFECT>
    <SFA>
      <FILEPATH>C:\wxWidgets-3.1.4\include\wx\</FILEPATH>
      <FILENAME>textctrl.h</FILENAME>
      <LINE>320</LINE>
      <COLUMN>9</COLUMN>
    </SFA>
    <DEFECTCODE>26812</DEFECTCODE>
    <DESCRIPTION>The enum type 'wxTextAttrAlignment' is unscoped. Prefer 'enum class' over 'enum' (Enum.3).</DESCRIPTION>
    <FUNCTION>wxTextAttr::SetAlignment</FUNCTION>
    <DECORATED>?SetAlignment@wxTextAttr@@QAEXW4wxTextAttrAlignment@@@Z</DECORATED>
    <FUNCLINE>320</FUNCLINE>
    <PATH></PATH>
  </DEFECT><DEFECT>
    <SFA>
      <FILEPATH>C:\wxWidgets-3.1.4\include\wx\</FILEPATH>
      <FILENAME>textctrl.h</FILENAME>
      <LINE>331</LINE>
      <COLUMN>64</COLUMN>
    </SFA>
    <DEFECTCODE>26812</DEFECTCODE>
    <DESCRIPTION>The enum type 'wxTextAttrUnderlineType' is unscoped. Prefer 'enum class' over 'enum' (Enum.3).</DESCRIPTION>
    <FUNCTION>wxTextAttr::SetFontUnderlined</FUNCTION>
    <DECORATED>?SetFontUnderlined@wxTextAttr@@QAEX_N@Z</DECORATED>
    <FUNCLINE>331</FUNCLINE>
    <PATH></PATH>
  </DEFECT><DEFECT>
    <SFA>
      <FILEPATH>C:\wxWidgets-3.1.4\include\wx\</FILEPATH>
      <FILENAME>textctrl.h</FILENAME>
      <LINE>724</LINE>
      <COLUMN>8</COLUMN>
    </SFA>
    <DEFECTCODE>26812</DEFECTCODE>
    <DESCRIPTION>The enum type 'wxTextCtrlHitTestResult' is unscoped. Prefer 'enum class' over 'enum' (Enum.3).</DESCRIPTION>
    <FUNCTION>wxTextCtrlBase::HitTest</FUNCTION>
    <DECORATED>?HitTest@wxTextCtrlBase@@UBE?AW4wxTextCtrlHitTestResult@@ABVwxPoint@@PAJ@Z</DECORATED>
    <FUNCLINE>722</FUNCLINE>
    <PATH></PATH>
  </DEFECT><DEFECT>
    <SFA>
      <FILEPATH>C:\wxWidgets-3.1.4\include\wx\</FILEPATH>
      <FILENAME>scrolwin.h</FILENAME>
      <LINE>151</LINE>
      <COLUMN>9</COLUMN>
    </SFA>
    <DEFECTCODE>26812</DEFECTCODE>
    <DESCRIPTION>The enum type 'wxScrollbarVisibility' is unscoped. Prefer 'enum class' over 'enum' (Enum.3).</DESCRIPTION>
    <FUNCTION>wxScrollHelperBase::ShowScrollbars</FUNCTION>
    <DECORATED>?ShowScrollbars@wxScrollHelperBase@@QAEXW4wxScrollbarVisibility@@0@Z</DECORATED>
    <FUNCLINE>151</FUNCLINE>
    <PATH></PATH>
  </DEFECT><DEFECT>
    <SFA>
      <FILEPATH>C:\wxWidgets-3.1.4\include\wx\</FILEPATH>
      <FILENAME>tbarbase.h</FILENAME>
      <LINE>79</LINE>
      <COLUMN>19</COLUMN>
    </SFA>
    <DEFECTCODE>26812</DEFECTCODE>
    <DESCRIPTION>The enum type 'wxToolBarToolStyle' is unscoped. Prefer 'enum class' over 'enum' (Enum.3).</DESCRIPTION>
    <FUNCTION>wxToolBarToolBase::{ctor}</FUNCTION>
    <DECORATED>??0wxToolBarToolBase@@QAE@PAVwxToolBarBase@@HABVwxString@@ABVwxBitmap@@2W4wxItemKind@@PAVwxObject@@11@Z</DECORATED>
    <FUNCLINE>63</FUNCLINE>
    <PATH></PATH>
  </DEFECT><DEFECT>
    <SFA>
      <FILEPATH>C:\wxWidgets-3.1.4\include\wx\</FILEPATH>
      <FILENAME>tbarbase.h</FILENAME>
      <LINE>272</LINE>
      <COLUMN>0</COLUMN>
    </SFA>
    <DEFECTCODE>6011</DEFECTCODE>
    <DESCRIPTION>Dereferencing NULL pointer 'm_node'. </DESCRIPTION>
    <FUNCTION>wxToolBarToolsList::iterator::++</FUNCTION>
    <DECORATED>??Eiterator@wxToolBarToolsList@@QAEAAV01@XZ</DECORATED>
    <FUNCLINE>272</FUNCLINE>
    <PROBABILITY>1</PROBABILITY>
    <RANK>4</RANK>
    <CATEGORY>
      <RULECATEGORY>mspft</RULECATEGORY>
    </CATEGORY>
    <PATH>
      <SFA>
        <FILEPATH>C:\wxWidgets-3.1.4\include\wx\</FILEPATH>
        <FILENAME>tbarbase.h</FILENAME>
        <LINE>272</LINE>
        <COLUMN>0</COLUMN>
        <KEYEVENT>
          <ID>1</ID>
          <KIND>branch</KIND>
          <IMPORTANCE>Full</IMPORTANCE>
          <MESSAGE>'m_node' may be NULL (Skip this branch)</MESSAGE>
        </KEYEVENT>
      </SFA>
      <SFA>
        <FILEPATH>C:\wxWidgets-3.1.4\include\wx\</FILEPATH>
        <FILENAME>tbarbase.h</FILENAME>
        <LINE>272</LINE>
        <COLUMN>0</COLUMN>
        <KEYEVENT>
          <ID>2</ID>
          <KIND>usage</KIND>
          <IMPORTANCE>Essential</IMPORTANCE>
          <MESSAGE>'m_node' is dereferenced, but may still be NULL</MESSAGE>
        </KEYEVENT>
      </SFA>
    </PATH>
  </DEFECT><DEFECT>
    <SFA>
      <FILEPATH>C:\wxWidgets-3.1.4\include\wx\</FILEPATH>
      <FILENAME>layout.h</FILENAME>
      <LINE>101</LINE>
      <COLUMN>40</COLUMN>
    </SFA>
    <DEFECTCODE>26812</DEFECTCODE>
    <DESCRIPTION>The enum type 'wxRelationship' is unscoped. Prefer 'enum class' over 'enum' (Enum.3).</DESCRIPTION>
    <FUNCTION>wxIndividualLayoutConstraint::Unconstrained</FUNCTION>
    <DECORATED>?Unconstrained@wxIndividualLayoutConstraint@@QAEXXZ</DECORATED>
    <FUNCLINE>101</FUNCLINE>
    <PATH></PATH>
  </DEFECT><DEFECT>
    <SFA>
      <FILEPATH>C:\wxWidgets-3.1.4\include\wx\</FILEPATH>
      <FILENAME>layout.h</FILENAME>
      <LINE>112</LINE>
      <COLUMN>31</COLUMN>
    </SFA>
    <DEFECTCODE>26812</DEFECTCODE>
    <DESCRIPTION>The enum type 'wxEdge' is unscoped. Prefer 'enum class' over 'enum' (Enum.3).</DESCRIPTION>
    <FUNCTION>wxIndividualLayoutConstraint::GetMyEdge</FUNCTION>
    <DECORATED>?GetMyEdge@wxIndividualLayoutConstraint@@QBE?AW4wxEdge@@XZ</DECORATED>
    <FUNCLINE>112</FUNCLINE>
    <PATH></PATH>
  </DEFECT><DEFECT>
    <SFA>
      <FILEPATH>C:\wxWidgets-3.1.4\include\wx\</FILEPATH>
      <FILENAME>sizer.h</FILENAME>
      <LINE>165</LINE>
      <COLUMN>43</COLUMN>
    </SFA>
    <DEFECTCODE>26451</DEFECTCODE>
    <DESCRIPTION>Arithmetic overflow: Using operator '*' on a 4 byte value and then casting the result to a 8 byte value. Cast the value to the wider type before calling operator '*' to avoid overflow (io.2).</DESCRIPTION>
    <FUNCTION>wxSizerFlags::DoubleBorder</FUNCTION>
    <DECORATED>?DoubleBorder@wxSizerFlags@@QAEAAV1@H@Z</DECORATED>
    <FUNCLINE>162</FUNCLINE>
    <PATH></PATH>
  </DEFECT><DEFECT>
    <SFA>
      <FILEPATH>C:\wxWidgets-3.1.4\include\wx\</FILEPATH>
      <FILENAME>sizer.h</FILENAME>
      <LINE>176</LINE>
      <COLUMN>43</COLUMN>
    </SFA>
    <DEFECTCODE>26451</DEFECTCODE>
    <DESCRIPTION>Arithmetic overflow: Using operator '*' on a 4 byte value and then casting the result to a 8 byte value. Cast the value to the wider type before calling operator '*' to avoid overflow (io.2).</DESCRIPTION>
    <FUNCTION>wxSizerFlags::TripleBorder</FUNCTION>
    <DECORATED>?TripleBorder@wxSizerFlags@@QAEAAV1@H@Z</DECORATED>
    <FUNCLINE>173</FUNCLINE>
    <PATH></PATH>
  </DEFECT><DEFECT>
    <SFA>
      <FILEPATH>C:\wxWidgets-3.1.4\include\wx\</FILEPATH>
      <FILENAME>sizer.h</FILENAME>
      <LINE>196</LINE>
      <COLUMN>50</COLUMN>
    </SFA>
    <DEFECTCODE>26451</DEFECTCODE>
    <DESCRIPTION>Arithmetic overflow: Using operator '*' on a 4 byte value and then casting the result to a 8 byte value. Cast the value to the wider type before calling operator '*' to avoid overflow (io.2).</DESCRIPTION>
    <FUNCTION>wxSizerFlags::DoubleHorzBorder</FUNCTION>
    <DECORATED>?DoubleHorzBorder@wxSizerFlags@@QAEAAV1@XZ</DECORATED>
    <FUNCLINE>193</FUNCLINE>
    <PATH></PATH>
  </DEFECT><DEFECT>
    <SFA>
      <FILEPATH>C:\wxWidgets-3.1.4\include\wx\</FILEPATH>
      <FILENAME>sizer.h</FILENAME>
      <LINE>442</LINE>
      <COLUMN>44</COLUMN>
    </SFA>
    <DEFECTCODE>26812</DEFECTCODE>
    <DESCRIPTION>The enum type 'wxSizerItem::&lt;unnamed-type-m_kind&gt;' is unscoped. Prefer 'enum class' over 'enum' (Enum.3).</DESCRIPTION>
    <FUNCTION>wxSizerItem::Init</FUNCTION>
    <DECORATED>?Init@wxSizerItem@@IAEXXZ</DECORATED>
    <FUNCLINE>442</FUNCLINE>
    <PATH></PATH>
  </DEFECT><DEFECT>
    <SFA>
      <FILEPATH>C:\wxWidgets-3.1.4\include\wx\</FILEPATH>
      <FILENAME>sizer.h</FILENAME>
      <LINE>497</LINE>
      <COLUMN>0</COLUMN>
    </SFA>
    <DEFECTCODE>6011</DEFECTCODE>
    <DESCRIPTION>Dereferencing NULL pointer 'm_node'. </DESCRIPTION>
    <FUNCTION>wxSizerItemList::iterator::++</FUNCTION>
    <DECORATED>??Eiterator@wxSizerItemList@@QAEAAV01@XZ</DECORATED>
    <FUNCLINE>497</FUNCLINE>
    <PROBABILITY>1</PROBABILITY>
    <RANK>4</RANK>
    <CATEGORY>
      <RULECATEGORY>mspft</RULECATEGORY>
    </CATEGORY>
    <PATH>
      <SFA>
        <FILEPATH>C:\wxWidgets-3.1.4\include\wx\</FILEPATH>
        <FILENAME>sizer.h</FILENAME>
        <LINE>497</LINE>
        <COLUMN>0</COLUMN>
        <KEYEVENT>
          <ID>1</ID>
          <KIND>branch</KIND>
          <IMPORTANCE>Full</IMPORTANCE>
          <MESSAGE>'m_node' may be NULL (Skip this branch)</MESSAGE>
        </KEYEVENT>
      </SFA>
      <SFA>
        <FILEPATH>C:\wxWidgets-3.1.4\include\wx\</FILEPATH>
        <FILENAME>sizer.h</FILENAME>
        <LINE>497</LINE>
        <COLUMN>0</COLUMN>
        <KEYEVENT>
          <ID>2</ID>
          <KIND>usage</KIND>
          <IMPORTANCE>Essential</IMPORTANCE>
          <MESSAGE>'m_node' is dereferenced, but may still be NULL</MESSAGE>
        </KEYEVENT>
      </SFA>
    </PATH>
  </DEFECT><DEFECT>
    <SFA>
      <FILEPATH>C:\wxWidgets-3.1.4\include\wx\</FILEPATH>
      <FILENAME>sizer.h</FILENAME>
      <LINE>909</LINE>
      <COLUMN>9</COLUMN>
    </SFA>
    <DEFECTCODE>26812</DEFECTCODE>
    <DESCRIPTION>The enum type 'wxFlexSizerGrowMode' is unscoped. Prefer 'enum class' over 'enum' (Enum.3).</DESCRIPTION>
    <FUNCTION>wxFlexGridSizer::SetNonFlexibleGrowMode</FUNCTION>
    <DECORATED>?SetNonFlexibleGrowMode@wxFlexGridSizer@@QAEXW4wxFlexSizerGrowMode@@@Z</DECORATED>
    <FUNCLINE>909</FUNCLINE>
    <PATH></PATH>
  </DEFECT><DEFECT>
    <SFA>
      <FILEPATH>C:\wxWidgets-3.1.4\include\wx\</FILEPATH>
      <FILENAME>valtext.h</FILENAME>
      <LINE>106</LINE>
      <COLUMN>9</COLUMN>
    </SFA>
    <DEFECTCODE>26812</DEFECTCODE>
    <DESCRIPTION>The enum type 'wxTextValidatorStyle' is unscoped. Prefer 'enum class' over 'enum' (Enum.3).</DESCRIPTION>
    <FUNCTION>wxTextValidator::HasFlag</FUNCTION>
    <DECORATED>?HasFlag@wxTextValidator@@QBE_NW4wxTextValidatorStyle@@@Z</DECORATED>
    <FUNCLINE>106</FUNCLINE>
    <PATH></PATH>
  </DEFECT><DEFECT>
    <SFA>
      <FILEPATH>C:\wxWidgets-3.1.4\include\wx\</FILEPATH>
      <FILENAME>mdi.h</FILENAME>
      <LINE>103</LINE>
      <COLUMN>17</COLUMN>
    </SFA>
    <DEFECTCODE>26812</DEFECTCODE>
    <DESCRIPTION>The enum type 'wxOrientation' is unscoped. Prefer 'enum class' over 'enum' (Enum.3).</DESCRIPTION>
    <FUNCTION>wxMDIParentFrameBase::Tile</FUNCTION>
    <DECORATED>?Tile@wxMDIParentFrameBase@@UAEXW4wxOrientation@@@Z</DECORATED>
    <FUNCLINE>103</FUNCLINE>
    <PATH></PATH>
  </DEFECT><DEFECT>
    <SFA>
      <FILEPATH>C:\wxWidgets-3.1.4\include\wx\</FILEPATH>
      <FILENAME>peninfobase.h</FILENAME>
      <LINE>110</LINE>
      <COLUMN>15</COLUMN>
    </SFA>
    <DEFECTCODE>26812</DEFECTCODE>
    <DESCRIPTION>The enum type 'wxPenJoin' is unscoped. Prefer 'enum class' over 'enum' (Enum.3).</DESCRIPTION>
    <FUNCTION>wxPenInfoBase&lt;wxPenInfo&gt;::{ctor}</FUNCTION>
    <DECORATED>??0?$wxPenInfoBase@VwxPenInfo@@@@IAE@ABVwxColour@@W4wxPenStyle@@@Z</DECORATED>
    <FUNCLINE>105</FUNCLINE>
    <PATH></PATH>
  </DEFECT><DEFECT>
    <SFA>
      <FILEPATH>C:\wxWidgets-3.1.4\include\wx\</FILEPATH>
      <FILENAME>peninfobase.h</FILENAME>
      <LINE>111</LINE>
      <COLUMN>14</COLUMN>
    </SFA>
    <DEFECTCODE>26812</DEFECTCODE>
    <DESCRIPTION>The enum type 'wxPenCap' is unscoped. Prefer 'enum class' over 'enum' (Enum.3).</DESCRIPTION>
    <FUNCTION>wxPenInfoBase&lt;wxPenInfo&gt;::{ctor}</FUNCTION>
    <DECORATED>??0?$wxPenInfoBase@VwxPenInfo@@@@IAE@ABVwxColour@@W4wxPenStyle@@@Z</DECORATED>
    <FUNCLINE>105</FUNCLINE>
    <PATH></PATH>
  </DEFECT><DEFECT>
    <SFA>
      <FILEPATH>C:\Users\andre\source\repos\LichtCPPGUI_wxWidgets\LichtCPPGUI_wxWidgets\</FILEPATH>
      <FILENAME>lichtGUIApp.cpp</FILENAME>
      <LINE>4</LINE>
      <COLUMN>0</COLUMN>
    </SFA>
    <DEFECTCODE>28251</DEFECTCODE>
    <DESCRIPTION>Inconsistent annotation for 'WinMain': this instance has no annotations. See c:\program files (x86)\windows kits\10\include\10.0.18362.0\um\winbase.h(933). </DESCRIPTION>
    <FUNCTION>WinMain</FUNCTION>
    <DECORATED>WinMain@16</DECORATED>
    <FUNCLINE>4</FUNCLINE>
    <PATH></PATH>
  </DEFECT><DEFECT>
    <SFA>
      <FILEPATH>C:\Users\andre\source\repos\LichtCPPGUI_wxWidgets\LichtCPPGUI_wxWidgets\</FILEPATH>
      <FILENAME>mainPanels.cpp</FILENAME>
      <LINE>13</LINE>
      <COLUMN>12</COLUMN>
    </SFA>
    <DEFECTCODE>26495</DEFECTCODE>
    <DESCRIPTION>Variable 'ParamPanel::hapke_frame' is uninitialized. Always initialize a member variable (type.6).</DESCRIPTION>
    <FUNCTION>ParamPanel::{ctor}</FUNCTION>
    <DECORATED>??0ParamPanel@@QAE@PAVwxPanel@@@Z</DECORATED>
    <FUNCLINE>13</FUNCLINE>
    <ADDITIONALINFO>
      <targetSymbol>ParamPanel::hapke_frame</targetSymbol>
    </ADDITIONALINFO>
    <PATH></PATH>
  </DEFECT></DEFECTS>